Time_Step_Min,DNI_Irradiance,Inlet_Temp,Current_Outlet_Temp,Previous_Salt_Flow,Optimal_Flow_Target
0,0.0,287.75,287.75,0.0,0.0
5,0.0,292.56,292.56,0.0,0.0
10,0.0,289.94,289.94,0.0,0.0
15,0.0,286.57,286.57,0.0,0.0
20,0.0,287.91,287.91,0.0,0.0
25,0.0,292.65,292.65,0.0,0.0
30,0.0,290.9,290.9,0.0,0.0
35,0.0,289.84,289.84,0.0,0.0
40,0.0,285.57,285.57,0.0,0.0
45,0.0,292.78,292.78,0.0,0.0
50,0.0,293.74,293.74,0.0,0.0
55,0.0,293.38,293.38,0.0,0.0
60,0.0,288.77,288.77,0.0,0.0
65,0.0,290.77,290.77,0.0,0.0
70,0.0,290.98,290.98,0.0,0.0
75,0.0,286.95,286.95,0.0,0.0
80,0.0,290.36,290.36,0.0,0.0
85,0.0,292.14,292.14,0.0,0.0
90,0.0,291.53,291.53,0.0,0.0
95,0.0,287.78,287.78,0.0,0.0
100,0.0,288.27,288.27,0.0,0.0
105,0.0,291.58,291.58,0.0,0.0
110,0.0,291.27,291.27,0.0,0.0
115,0.0,285.49,285.49,0.0,0.0
120,0.0,285.09,285.09,0.0,0.0
125,0.0,289.85,289.85,0.0,0.0
130,0.0,288.82,288.82,0.0,0.0
135,0.0,289.4,289.4,0.0,0.0
140,0.0,289.18,289.18,0.0,0.0
145,0.0,291.97,291.97,0.0,0.0
150,0.0,290.21,290.21,0.0,0.0
155,0.0,290.54,290.54,0.0,0.0
160,0.0,287.32,287.32,0.0,0.0
165,0.0,283.27,283.27,0.0,0.0
170,0.0,292.25,292.25,0.0,0.0
175,0.0,294.29,294.29,0.0,0.0
180,0.0,289.31,289.31,0.0,0.0
185,0.0,290.5,290.5,0.0,0.0
190,0.0,290.65,290.65,0.0,0.0
195,0.0,293.35,293.35,0.0,0.0
200,0.0,291.78,291.78,0.0,0.0
205,0.0,290.99,290.99,0.0,0.0
210,0.0,290.11,290.11,0.0,0.0
215,0.0,290.12,290.12,0.0,0.0
220,0.0,287.12,287.12,0.0,0.0
225,0.0,289.23,289.23,0.0,0.0
230,0.0,291.77,291.77,0.0,0.0
235,0.0,289.53,289.53,0.0,0.0
240,0.0,290.09,290.09,0.0,0.0
245,0.0,287.65,287.65,0.0,0.0
250,0.0,290.89,290.89,0.0,0.0
255,0.0,287.08,287.08,0.0,0.0
260,0.0,290.58,290.58,0.0,0.0
265,0.0,289.63,289.63,0.0,0.0
270,0.0,286.51,286.51,0.0,0.0
275,0.0,292.14,292.14,0.0,0.0
280,0.0,289.67,289.67,0.0,0.0
285,0.0,293.72,293.72,0.0,0.0
290,0.0,292.96,292.96,0.0,0.0
295,0.0,288.24,288.24,0.0,0.0
300,0.0,288.42,288.42,0.0,0.0
305,0.0,287.66,287.66,0.0,0.0
310,0.0,286.83,286.83,0.0,0.0
315,0.0,289.16,289.16,0.0,0.0
320,0.0,292.89,292.89,0.0,0.0
325,0.0,286.17,286.17,0.0,0.0
330,0.0,291.7,291.7,0.0,0.0
335,0.0,291.54,291.54,0.0,0.0
340,0.0,291.11,291.11,0.0,0.0
345,0.0,291.47,291.47,0.0,0.0
350,0.0,287.79,287.79,0.0,0.0
355,0.0,291.52,291.52,0.0,0.0
360,0.0,288.9,288.9,0.0,0.0
365,21.81,285.08,600.0,0.0,0.0
370,43.62,290.11,600.0,0.0,0.0
375,65.4,288.31,429.99,0.0,26.753
380,87.16,292.72,600.0,26.753,78.6846
385,68.59,289.43,405.78,78.6846,30.5626
390,82.23,290.09,600.0,30.5626,74.7847
395,95.84,290.78,290.78,74.7847,62.5664
400,109.4,289.47,600.0,62.5664,115.8421
405,122.91,289.79,289.79,115.8421,93.8689
410,216.44,291.69,600.0,93.8689,242.3855
415,237.69,287.87,287.87,242.3855,225.9712
420,156.89,288.6,600.0,225.9712,170.7463
425,169.63,288.07,288.07,170.7463,147.3584
430,182.28,292.87,600.0,147.3584,203.3236
435,194.85,288.6,288.6,203.3236,176.8914
440,207.32,289.71,600.0,176.8914,230.114
445,362.44,288.8,288.8,230.114,371.5073
450,382.68,289.38,600.0,371.5073,433.7603
455,402.75,288.53,288.53,433.7603,417.8712
460,331.86,290.93,600.0,417.8712,376.7792
465,347.3,287.92,287.92,376.7792,352.8205
470,362.59,287.3,600.0,352.8205,407.3591
475,377.69,288.88,288.88,407.3591,389.3304
480,392.62,288.4,600.0,389.3304,443.7351
485,407.36,287.32,287.32,443.7351,421.3938
490,421.91,289.35,600.0,421.3938,479.426
495,555.57,286.68,286.68,479.426,591.1011
500,394.26,293.46,600.0,591.1011,454.0705
505,406.45,287.01,287.01,454.0705,419.8684
510,418.44,288.71,600.0,419.8684,474.3025
515,430.24,289.19,289.19,474.3025,450.8346
520,441.83,293.37,600.0,450.8346,509.895
525,453.21,286.54,286.54,509.895,472.9828
530,464.38,290.28,600.0,472.9828,530.653
535,475.32,292.07,292.07,530.653,508.5422
540,486.04,289.38,600.0,508.5422,553.7372
545,496.53,287.66,287.66,553.7372,524.957
550,506.78,289.78,600.0,524.957,578.9976
555,751.84,293.05,293.05,578.9976,836.2903
560,683.41,288.77,600.0,836.2903,781.4605
565,695.76,292.87,292.87,781.4605,769.672
570,707.77,290.52,600.0,769.672,814.9022
575,719.45,292.47,292.47,814.9022,796.3895
580,730.79,290.44,600.0,796.3895,841.5615
585,741.78,289.03,289.03,841.5615,812.4107
590,752.41,293.28,600.0,812.4107,876.1011
595,762.69,290.45,290.45,876.1011,841.0262
600,772.6,290.33,600.0,841.0262,890.1767
605,782.15,291.62,291.62,890.1767,867.4268
610,791.33,291.85,600.0,867.4268,917.0054
615,800.12,291.63,291.63,917.0054,888.5334
620,808.54,287.3,600.0,888.5334,921.8512
625,816.57,288.73,288.73,921.8512,898.2908
630,923.88,288.69,600.0,898.2908,1060.472
635,666.14,288.44,288.44,1060.472,723.0195
640,671.63,288.26,600.0,723.0195,766.6843
645,676.81,288.66,288.66,766.6843,735.9559
650,681.66,290.67,600.0,735.9559,785.1342
655,686.18,290.99,290.99,785.1342,753.1854
660,965.93,290.0,600.0,753.1854,1114.3781
665,971.34,289.15,289.15,1114.3781,1079.5013
670,976.3,292.55,600.0,1079.5013,1137.1503
675,980.79,289.82,289.82,1137.1503,1093.1247
680,984.81,291.87,600.0,1093.1247,1144.2765
685,879.33,288.86,288.86,1144.2765,971.5831
690,882.08,290.83,600.0,971.5831,1019.8729
695,884.4,292.68,292.68,1019.8729,991.1861
700,886.3,284.78,600.0,991.1861,1002.4531
705,887.78,288.69,288.69,1002.4531,980.782
710,888.84,291.19,600.0,980.782,1029.1444
715,889.48,292.43,292.43,1029.1444,996.2153
720,889.69,290.41,600.0,996.2153,1026.9533
725,889.48,290.1,290.1,1026.9533,987.7843
730,888.84,293.22,600.0,987.7843,1036.7498
735,887.78,292.55,292.55,1036.7498,994.6707
740,996.19,288.26,600.0,994.6707,1142.3502
745,994.06,290.23,290.23,1142.3502,1110.2609
750,666.56,290.72,600.0,1110.2609,767.5182
755,664.48,293.44,293.44,767.5182,734.3612
760,662.09,291.73,600.0,734.3612,764.9083
765,659.39,289.79,289.79,764.9083,718.7042
770,656.37,290.44,600.0,718.7042,754.8746
775,653.04,286.23,286.23,754.8746,702.2246
780,965.93,291.94,600.0,702.2246,1122.6171
785,960.05,291.29,291.29,1122.6171,1074.7314
790,953.72,292.42,600.0,1074.7314,1109.9255
795,641.67,289.71,289.71,1109.9255,697.8638
800,636.77,290.26,600.0,697.8638,731.5038
805,631.56,289.04,289.04,731.5038,684.413
810,923.88,287.7,600.0,684.413,1056.6918
815,915.31,288.8,288.8,1056.6918,1013.1014
820,906.31,286.36,600.0,1013.1014,1031.4031
825,896.87,291.83,291.83,1031.4031,1002.7171
830,738.47,285.65,600.0,1002.7171,835.9995
835,729.91,294.06,294.06,835.9995,813.4641
840,721.0,286.47,600.0,813.4641,818.2098
845,711.75,293.0,293.0,818.2098,788.8783
850,843.39,288.18,600.0,788.8783,965.0606
855,831.47,291.12,291.12,965.0606,923.5843
860,819.15,288.5,600.0,923.5843,938.1743
865,806.44,293.35,293.35,938.1743,901.6229
870,599.97,290.09,600.0,901.6229,687.9102
875,589.79,292.15,292.15,687.9102,643.1426
880,579.32,290.15,600.0,643.1426,664.0686
885,568.58,290.71,290.71,664.0686,614.979
890,557.57,291.23,600.0,614.979,641.3151
895,546.29,288.94,288.94,641.3151,585.1686
900,534.75,287.44,600.0,585.1686,606.3201
905,522.96,287.4,287.4,606.3201,554.9715
910,510.92,290.1,600.0,554.9715,584.5043
915,659.35,289.02,289.02,584.5043,716.648
920,642.79,285.71,600.0,716.648,726.5467
925,625.92,291.03,291.03,726.5467,682.786
930,608.76,287.56,600.0,682.786,691.9593
935,591.31,287.68,287.68,691.9593,634.5396
940,573.58,289.92,600.0,634.5396,657.106
945,555.57,288.2,288.2,657.106,594.347
950,537.3,290.25,600.0,594.347,615.5357
955,518.77,293.95,293.95,615.5357,563.4353
960,448.03,289.24,600.0,563.4353,509.1508
965,431.0,287.88,287.88,509.1508,449.5763
970,413.76,290.36,600.0,449.5763,471.6348
975,396.32,288.45,288.45,471.6348,410.3082
980,378.69,290.05,600.0,410.3082,430.1801
985,360.89,290.63,290.63,430.1801,372.1773
990,342.91,289.93,600.0,372.1773,388.1515
995,324.77,290.11,290.11,388.1515,329.3593
1000,306.47,290.38,600.0,329.3593,346.2998
1005,288.03,293.19,293.19,346.2998,289.7698
1010,269.45,289.49,600.0,289.7698,301.9032
1015,279.83,290.25,290.25,301.9032,277.1009
1020,156.38,291.73,600.0,277.1009,171.9536
1025,143.62,290.94,290.94,171.9536,118.4845
1030,130.78,289.28,600.0,118.4845,140.6109
1035,117.88,291.8,291.8,140.6109,88.6618
1040,104.92,288.26,600.0,88.6618,110.0852
1045,91.92,289.55,289.55,110.0852,57.7251
1050,78.87,288.46,600.0,57.7251,80.1161
1055,65.78,291.15,425.43,80.1161,27.4716
1060,52.66,292.38,600.0,27.4716,38.5417
1065,39.52,290.45,437.56,38.5417,0.0
1070,35.71,290.15,600.0,0.0,0.0
1075,17.86,288.25,288.25,0.0,0.0
1080,0.0,288.59,288.59,0.0,0.0
1085,0.0,287.61,287.61,0.0,0.0
1090,0.0,285.65,285.65,0.0,0.0
1095,0.0,289.22,289.22,0.0,0.0
1100,0.0,289.4,289.4,0.0,0.0
1105,0.0,294.35,294.35,0.0,0.0
1110,0.0,293.13,293.13,0.0,0.0
1115,0.0,291.11,291.11,0.0,0.0
1120,0.0,294.17,294.17,0.0,0.0
1125,0.0,292.78,292.78,0.0,0.0
1130,0.0,285.98,285.98,0.0,0.0
1135,0.0,292.13,292.13,0.0,0.0
1140,0.0,291.42,291.42,0.0,0.0
1145,0.0,289.42,289.42,0.0,0.0
1150,0.0,287.17,287.17,0.0,0.0
1155,0.0,291.19,291.19,0.0,0.0
1160,0.0,285.84,285.84,0.0,0.0
1165,0.0,289.96,289.96,0.0,0.0
1170,0.0,288.77,288.77,0.0,0.0
1175,0.0,287.48,287.48,0.0,0.0
1180,0.0,292.38,292.38,0.0,0.0
1185,0.0,289.92,289.92,0.0,0.0
1190,0.0,290.35,290.35,0.0,0.0
1195,0.0,291.82,291.82,0.0,0.0
1200,0.0,289.98,289.98,0.0,0.0
1205,0.0,290.9,290.9,0.0,0.0
1210,0.0,291.63,291.63,0.0,0.0
1215,0.0,291.13,291.13,0.0,0.0
1220,0.0,290.57,290.57,0.0,0.0
1225,0.0,293.57,293.57,0.0,0.0
1230,0.0,292.48,292.48,0.0,0.0
1235,0.0,289.83,289.83,0.0,0.0
1240,0.0,288.18,288.18,0.0,0.0
1245,0.0,291.28,291.28,0.0,0.0
1250,0.0,290.43,290.43,0.0,0.0
1255,0.0,293.42,293.42,0.0,0.0
1260,0.0,291.97,291.97,0.0,0.0
1265,0.0,291.53,291.53,0.0,0.0
1270,0.0,290.03,290.03,0.0,0.0
1275,0.0,288.25,288.25,0.0,0.0
1280,0.0,289.6,289.6,0.0,0.0
1285,0.0,290.95,290.95,0.0,0.0
1290,0.0,286.54,286.54,0.0,0.0
1295,0.0,292.48,292.48,0.0,0.0
1300,0.0,294.13,294.13,0.0,0.0
1305,0.0,286.11,286.11,0.0,0.0
1310,0.0,287.2,287.2,0.0,0.0
1315,0.0,290.46,290.46,0.0,0.0
1320,0.0,288.83,288.83,0.0,0.0
1325,0.0,290.52,290.52,0.0,0.0
1330,0.0,289.86,289.86,0.0,0.0
1335,0.0,287.95,287.95,0.0,0.0
1340,0.0,292.58,292.58,0.0,0.0
1345,0.0,290.93,290.93,0.0,0.0
1350,0.0,288.88,288.88,0.0,0.0
1355,0.0,293.01,293.01,0.0,0.0
1360,0.0,288.98,288.98,0.0,0.0
1365,0.0,287.52,287.52,0.0,0.0
1370,0.0,290.37,290.37,0.0,0.0
1375,0.0,290.71,290.71,0.0,0.0
1380,0.0,291.06,291.06,0.0,0.0
1385,0.0,291.39,291.39,0.0,0.0
1390,0.0,291.03,291.03,0.0,0.0
1395,0.0,290.95,290.95,0.0,0.0
1400,0.0,288.85,288.85,0.0,0.0
1405,0.0,288.64,288.64,0.0,0.0
1410,0.0,291.48,291.48,0.0,0.0
1415,0.0,290.49,290.49,0.0,0.0
1420,0.0,291.64,291.64,0.0,0.0
1425,0.0,286.59,286.59,0.0,0.0
1430,0.0,289.0,289.0,0.0,0.0
1435,0.0,293.81,293.81,0.0,0.0
1440,0.0,291.11,291.11,0.0,0.0
1445,0.0,290.59,290.59,0.0,0.0
1450,0.0,291.42,291.42,0.0,0.0
1455,0.0,294.42,294.42,0.0,0.0
1460,0.0,294.0,294.0,0.0,0.0
1465,0.0,286.84,286.84,0.0,0.0
1470,0.0,287.58,287.58,0.0,0.0
1475,0.0,286.77,286.77,0.0,0.0
1480,0.0,288.51,288.51,0.0,0.0
1485,0.0,290.11,290.11,0.0,0.0
1490,0.0,290.48,290.48,0.0,0.0
1495,0.0,286.94,286.94,0.0,0.0
1500,0.0,286.27,286.27,0.0,0.0
1505,0.0,288.47,288.47,0.0,0.0
1510,0.0,291.83,291.83,0.0,0.0
1515,0.0,292.18,292.18,0.0,0.0
1520,0.0,293.41,293.41,0.0,0.0
1525,0.0,289.94,289.94,0.0,0.0
1530,0.0,291.66,291.66,0.0,0.0
1535,0.0,292.02,292.02,0.0,0.0
1540,0.0,289.01,289.01,0.0,0.0
1545,0.0,290.78,290.78,0.0,0.0
1550,0.0,291.32,291.32,0.0,0.0
1555,0.0,288.18,288.18,0.0,0.0
1560,0.0,293.28,293.28,0.0,0.0
1565,0.0,289.92,289.92,0.0,0.0
1570,0.0,290.17,290.17,0.0,0.0
1575,0.0,288.11,288.11,0.0,0.0
1580,0.0,288.44,288.44,0.0,0.0
1585,0.0,285.61,285.61,0.0,0.0
1590,0.0,290.11,290.11,0.0,0.0
1595,0.0,295.01,295.01,0.0,0.0
1600,0.0,287.96,287.96,0.0,0.0
1605,0.0,295.95,295.95,0.0,0.0
1610,0.0,292.83,292.83,0.0,0.0
1615,0.0,289.05,289.05,0.0,0.0
1620,0.0,290.05,290.05,0.0,0.0
1625,0.0,289.73,289.73,0.0,0.0
1630,0.0,293.41,293.41,0.0,0.0
1635,0.0,291.03,291.03,0.0,0.0
1640,0.0,292.36,292.36,0.0,0.0
1645,0.0,290.72,290.72,0.0,0.0
1650,0.0,289.78,289.78,0.0,0.0
1655,0.0,290.65,290.65,0.0,0.0
1660,0.0,289.19,289.19,0.0,0.0
1665,0.0,287.1,287.1,0.0,0.0
1670,0.0,291.63,291.63,0.0,0.0
1675,0.0,287.0,287.0,0.0,0.0
1680,0.0,289.46,289.46,0.0,0.0
1685,0.0,289.12,289.12,0.0,0.0
1690,0.0,291.29,291.29,0.0,0.0
1695,0.0,293.13,293.13,0.0,0.0
1700,0.0,292.41,292.41,0.0,0.0
1705,0.0,291.34,291.34,0.0,0.0
1710,0.0,288.74,288.74,0.0,0.0
1715,0.0,289.63,289.63,0.0,0.0
1720,0.0,289.34,289.34,0.0,0.0
1725,0.0,289.06,289.06,0.0,0.0
1730,0.0,289.2,289.2,0.0,0.0
1735,0.0,289.14,289.14,0.0,0.0
1740,0.0,289.05,289.05,0.0,0.0
1745,0.0,291.9,291.9,0.0,0.0
1750,0.0,287.89,287.89,0.0,0.0
1755,0.0,288.54,288.54,0.0,0.0
1760,0.0,286.83,286.83,0.0,0.0
1765,0.0,292.83,292.83,0.0,0.0
1770,0.0,288.41,288.41,0.0,0.0
1775,0.0,291.32,291.32,0.0,0.0
1780,0.0,290.95,290.95,0.0,0.0
1785,0.0,292.64,292.64,0.0,0.0
1790,0.0,289.58,289.58,0.0,0.0
1795,0.0,288.1,288.1,0.0,0.0
1800,0.0,286.89,286.89,0.0,0.0
1805,21.81,284.43,600.0,0.0,0.0
1810,34.69,290.32,290.32,0.0,0.0
1815,52.02,291.55,600.0,0.0,49.4966
1820,69.32,290.94,399.27,49.4966,31.5874
1825,86.58,286.94,600.0,31.5874,79.6093
1830,103.81,292.08,292.08,79.6093,72.2291
1835,120.99,288.6,600.0,72.2291,128.8346
1840,138.11,288.19,288.19,128.8346,110.9258
1845,155.16,288.56,600.0,110.9258,168.6962
1850,172.14,290.16,290.16,168.6962,151.4114
1855,237.69,287.03,600.0,151.4114,262.8002
1860,258.82,289.93,289.93,262.8002,252.2877
1865,279.83,290.86,600.0,252.2877,315.76
1870,208.48,292.21,292.21,315.76,195.2521
1875,222.85,290.35,600.0,195.2521,248.5277
1880,237.12,287.32,287.32,248.5277,224.874
1885,251.28,290.3,600.0,224.874,281.9731
1890,265.31,287.88,287.88,281.9731,257.9351
1895,279.22,287.76,600.0,257.9351,311.6691
1900,293.0,287.27,287.27,311.6691,289.3271
1905,306.64,286.18,600.0,289.3271,341.4502
1910,320.13,288.87,288.87,341.4502,322.4847
1915,480.99,292.26,600.0,322.4847,553.8563
1920,500.0,294.51,294.51,553.8563,542.3679
1925,518.77,288.85,600.0,542.3679,590.5047
1930,537.3,292.17,292.17,590.5047,581.5358
1935,555.57,289.21,600.0,581.5358,634.1963
1940,475.06,286.7,286.7,634.1963,498.4102
1945,489.74,291.4,600.0,498.4102,562.5252
1950,504.2,290.47,290.47,562.5252,539.281
1955,518.41,293.64,600.0,539.281,600.7641
1960,532.38,286.93,286.93,600.7641,564.9025
1965,659.35,295.59,600.0,564.9025,773.0439
1970,675.59,293.18,293.18,773.0439,746.7734
1975,691.51,289.96,600.0,746.7734,794.2941
1980,707.11,289.4,289.4,794.2941,773.1839
1985,722.36,288.57,600.0,773.1839,826.3095
1990,449.32,290.22,290.22,826.3095,474.773
1995,458.19,289.63,600.0,474.773,521.9501
2000,466.85,291.03,291.03,521.9501,496.6842
2005,475.28,289.41,600.0,496.6842,541.3559
2010,483.49,292.83,292.83,541.3559,519.5732
2015,806.44,290.25,600.0,519.5732,929.2266
2020,819.15,289.49,289.49,929.2266,903.771
2025,831.47,292.05,600.0,903.771,964.9634
2030,843.39,286.75,286.75,964.9634,922.8221
2035,854.91,290.68,600.0,922.8221,987.7299
2040,866.03,290.05,290.05,987.7299,960.2714
2045,876.73,287.18,600.0,960.2714,1000.2242
2050,887.01,286.58,286.58,1000.2242,972.4693
2055,725.06,292.02,600.0,972.4693,840.1188
2060,732.69,291.93,291.93,840.1188,810.3578
2065,739.97,290.35,600.0,810.3578,852.032
2070,746.9,293.43,293.43,852.032,831.6238
2075,753.47,290.88,600.0,831.6238,869.3815
2080,759.68,292.5,292.5,869.3815,843.8114
2085,765.53,290.84,600.0,843.8114,883.4182
2090,771.02,289.45,289.45,883.4182,847.6561
2095,776.14,287.88,600.0,847.6561,886.4676
2100,780.89,288.79,288.79,886.4676,857.0992
2105,785.27,289.49,600.0,857.0992,902.2826
2110,789.27,292.73,292.73,902.2826,879.35
2115,792.9,291.54,600.0,879.35,917.7422
2120,984.81,290.66,290.66,917.7422,1101.1865
2125,988.36,291.74,600.0,1101.1865,1147.8263
2130,991.44,291.05,291.05,1147.8263,1110.5366
2135,836.1,290.52,600.0,1110.5366,964.9077
2140,837.9,287.0,287.0,964.9077,917.3139
2145,839.3,292.28,600.0,917.3139,975.1471
2150,840.3,289.08,289.08,975.1471,927.0183
2155,840.9,292.18,600.0,927.0183,976.5263
2160,841.1,292.37,292.37,976.5263,939.1377
2165,840.9,288.66,600.0,939.1377,963.8773
2170,840.3,291.9,291.9,963.8773,936.5785
2175,839.3,289.28,600.0,936.5785,964.2091
2180,837.9,289.29,289.29,964.2091,924.9238
2185,836.1,290.51,600.0,924.9238,964.995
2190,833.91,290.57,290.57,964.995,924.5683
2195,831.31,290.08,600.0,924.5683,957.7878
2200,828.32,287.33,287.33,957.7878,907.344
2205,683.91,289.76,600.0,907.344,785.2294
2210,680.77,294.56,294.56,785.2294,756.7107
2215,677.32,284.43,600.0,756.7107,762.3265
2220,673.54,291.74,291.74,762.3265,740.4265
2225,669.45,292.11,600.0,740.4265,774.7313
2230,665.03,287.28,287.28,774.7313,718.7201
2235,660.3,289.06,600.0,718.7201,755.8298
2240,655.25,288.0,288.0,755.8298,709.26
2245,649.89,293.71,600.0,709.26,756.434
2250,644.22,292.21,292.21,756.434,707.2434
2255,638.25,292.3,600.0,707.2434,738.5671
2260,631.97,290.24,290.24,738.5671,687.892
2265,625.39,292.62,600.0,687.892,724.4416
2270,616.83,289.98,289.98,724.4416,669.5978
2275,609.68,292.72,600.0,669.5978,706.2089
2280,602.23,289.7,289.7,706.2089,651.9235
2285,594.51,288.64,600.0,651.9235,678.2149
2290,586.5,293.62,293.62,678.2149,642.7482
2295,578.2,289.96,600.0,642.7482,662.1996
2300,569.64,288.2,288.2,662.1996,610.6444
2305,560.8,288.18,600.0,610.6444,638.1594
2310,551.7,288.19,288.19,638.1594,589.8364
2315,542.33,291.69,600.0,589.8364,624.6908
2320,532.71,289.8,289.8,624.6908,571.1799
2325,597.19,294.6,600.0,571.1799,696.3255
2330,585.62,292.37,292.37,696.3255,638.7786
2335,573.78,290.51,600.0,638.7786,658.4573
2340,561.66,292.81,292.81,658.4573,611.58
2345,549.27,289.01,600.0,611.58,626.3769
2350,536.63,286.29,286.29,626.3769,568.4886
2355,523.72,288.02,600.0,568.4886,595.0075
2360,510.57,290.29,290.29,595.0075,546.373
2365,497.18,289.55,600.0,546.373,567.162
2370,483.54,291.65,291.65,567.162,517.3882
2375,469.68,289.75,600.0,517.3882,535.4575
2380,396.59,291.5,291.5,535.4575,415.1956
2385,384.14,293.0,600.0,415.1956,441.0643
2390,371.51,289.74,289.74,441.0643,383.345
2395,358.7,291.11,600.0,383.345,408.361
2400,345.72,286.49,286.49,408.361,349.1845
2405,332.57,289.75,600.0,349.1845,376.1392
2410,319.27,287.54,287.54,376.1392,319.9471
2415,305.81,290.29,600.0,319.9471,345.585
2420,292.21,290.47,290.47,345.585,291.7789
2425,278.47,290.47,600.0,291.7789,313.6873
2430,264.6,289.04,289.04,313.6873,258.1927
2435,262.85,294.6,600.0,258.1927,300.0571
2440,248.04,287.46,287.46,300.0571,237.6019
2445,233.12,287.34,600.0,237.6019,257.9965
2450,218.08,293.31,293.31,257.9965,207.3663
2455,202.94,288.59,600.0,207.3663,223.7785
2460,187.7,288.11,288.11,223.7785,168.3074
2465,172.38,294.61,600.0,168.3074,192.8816
2470,156.97,291.97,291.97,192.8816,134.6057
2475,141.48,288.81,600.0,134.6057,152.726
2480,125.93,290.44,290.44,152.726,97.6238
2485,110.32,293.89,600.0,97.6238,118.8521
2490,94.66,291.38,291.38,118.8521,61.3271
2495,78.95,292.57,600.0,61.3271,81.3024
2500,87.16,291.61,291.61,81.3024,52.579
2505,44.03,291.86,600.0,52.579,0.0
2510,29.37,290.08,290.08,0.0,0.0
2515,14.69,290.02,575.84,0.0,0.0
2520,0.0,290.53,290.53,0.0,0.0
2525,0.0,291.47,291.47,0.0,0.0
2530,0.0,289.43,289.43,0.0,0.0
2535,0.0,290.24,290.24,0.0,0.0
2540,0.0,289.38,289.38,0.0,0.0
2545,0.0,290.23,290.23,0.0,0.0
2550,0.0,287.5,287.5,0.0,0.0
2555,0.0,295.21,295.21,0.0,0.0
2560,0.0,288.53,288.53,0.0,0.0
2565,0.0,289.28,289.28,0.0,0.0
2570,0.0,288.36,288.36,0.0,0.0
2575,0.0,291.23,291.23,0.0,0.0
2580,0.0,289.61,289.61,0.0,0.0
2585,0.0,288.07,288.07,0.0,0.0
2590,0.0,291.31,291.31,0.0,0.0
2595,0.0,291.58,291.58,0.0,0.0
2600,0.0,289.87,289.87,0.0,0.0
2605,0.0,288.67,288.67,0.0,0.0
2610,0.0,294.38,294.38,0.0,0.0
2615,0.0,290.68,290.68,0.0,0.0
2620,0.0,287.45,287.45,0.0,0.0
2625,0.0,292.83,292.83,0.0,0.0
2630,0.0,288.29,288.29,0.0,0.0
2635,0.0,295.48,295.48,0.0,0.0
2640,0.0,290.16,290.16,0.0,0.0
2645,0.0,292.03,292.03,0.0,0.0
2650,0.0,285.84,285.84,0.0,0.0
2655,0.0,287.43,287.43,0.0,0.0
2660,0.0,292.67,292.67,0.0,0.0
2665,0.0,290.64,290.64,0.0,0.0
2670,0.0,294.08,294.08,0.0,0.0
2675,0.0,290.97,290.97,0.0,0.0
2680,0.0,290.29,290.29,0.0,0.0
2685,0.0,293.43,293.43,0.0,0.0
2690,0.0,292.02,292.02,0.0,0.0
2695,0.0,289.61,289.61,0.0,0.0
2700,0.0,287.81,287.81,0.0,0.0
2705,0.0,285.26,285.26,0.0,0.0
2710,0.0,289.12,289.12,0.0,0.0
2715,0.0,287.63,287.63,0.0,0.0
2720,0.0,295.2,295.2,0.0,0.0
2725,0.0,288.7,288.7,0.0,0.0
2730,0.0,288.64,288.64,0.0,0.0
2735,0.0,286.96,286.96,0.0,0.0
2740,0.0,289.47,289.47,0.0,0.0
2745,0.0,288.67,288.67,0.0,0.0
2750,0.0,293.48,293.48,0.0,0.0
2755,0.0,290.34,290.34,0.0,0.0
2760,0.0,289.98,289.98,0.0,0.0
2765,0.0,289.73,289.73,0.0,0.0
2770,0.0,291.57,291.57,0.0,0.0
2775,0.0,289.1,289.1,0.0,0.0
2780,0.0,291.33,291.33,0.0,0.0
2785,0.0,293.23,293.23,0.0,0.0
2790,0.0,290.92,290.92,0.0,0.0
2795,0.0,289.5,289.5,0.0,0.0
2800,0.0,288.09,288.09,0.0,0.0
2805,0.0,289.45,289.45,0.0,0.0
2810,0.0,291.13,291.13,0.0,0.0
2815,0.0,286.93,286.93,0.0,0.0
2820,0.0,291.66,291.66,0.0,0.0
2825,0.0,290.42,290.42,0.0,0.0
2830,0.0,289.7,289.7,0.0,0.0
2835,0.0,288.68,288.68,0.0,0.0
2840,0.0,289.05,289.05,0.0,0.0
2845,0.0,291.19,291.19,0.0,0.0
2850,0.0,289.74,289.74,0.0,0.0
2855,0.0,289.0,289.0,0.0,0.0
2860,0.0,290.94,290.94,0.0,0.0
2865,0.0,291.02,291.02,0.0,0.0
2870,0.0,287.5,287.5,0.0,0.0
2875,0.0,291.14,291.14,0.0,0.0
2880,0.0,295.0,295.0,0.0,0.0
2885,0.0,290.94,290.94,0.0,0.0
2890,0.0,286.6,286.6,0.0,0.0
2895,0.0,290.35,290.35,0.0,0.0
2900,0.0,286.34,286.34,0.0,0.0
2905,0.0,296.33,296.33,0.0,0.0
2910,0.0,294.47,294.47,0.0,0.0
2915,0.0,288.67,288.67,0.0,0.0
2920,0.0,285.51,285.51,0.0,0.0
2925,0.0,288.24,288.24,0.0,0.0
2930,0.0,289.64,289.64,0.0,0.0
2935,0.0,286.48,286.48,0.0,0.0
2940,0.0,289.86,289.86,0.0,0.0
2945,0.0,289.62,289.62,0.0,0.0
2950,0.0,290.25,290.25,0.0,0.0
2955,0.0,290.46,290.46,0.0,0.0
2960,0.0,288.07,288.07,0.0,0.0
2965,0.0,288.29,288.29,0.0,0.0
2970,0.0,290.09,290.09,0.0,0.0
2975,0.0,288.74,288.74,0.0,0.0
2980,0.0,291.81,291.81,0.0,0.0
2985,0.0,290.07,290.07,0.0,0.0
2990,0.0,293.73,293.73,0.0,0.0
2995,0.0,291.64,291.64,0.0,0.0
3000,0.0,292.21,292.21,0.0,0.0
3005,0.0,290.27,290.27,0.0,0.0
3010,0.0,290.31,290.31,0.0,0.0
3015,0.0,293.46,293.46,0.0,0.0
3020,0.0,289.24,289.24,0.0,0.0
3025,0.0,291.09,291.09,0.0,0.0
3030,0.0,289.47,289.47,0.0,0.0
3035,0.0,289.46,289.46,0.0,0.0
3040,0.0,287.66,287.66,0.0,0.0
3045,0.0,288.51,288.51,0.0,0.0
3050,0.0,288.14,288.14,0.0,0.0
3055,0.0,291.19,291.19,0.0,0.0
3060,0.0,292.08,292.08,0.0,0.0
3065,0.0,289.81,289.81,0.0,0.0
3070,0.0,290.46,290.46,0.0,0.0
3075,0.0,289.7,289.7,0.0,0.0
3080,0.0,288.38,288.38,0.0,0.0
3085,0.0,291.72,291.72,0.0,0.0
3090,0.0,291.31,291.31,0.0,0.0
3095,0.0,286.21,286.21,0.0,0.0
3100,0.0,289.43,289.43,0.0,0.0
3105,0.0,288.24,288.24,0.0,0.0
3110,0.0,289.22,289.22,0.0,0.0
3115,0.0,288.66,288.66,0.0,0.0
3120,0.0,289.91,289.91,0.0,0.0
3125,0.0,289.34,289.34,0.0,0.0
3130,0.0,289.3,289.3,0.0,0.0
3135,0.0,292.21,292.21,0.0,0.0
3140,0.0,291.11,291.11,0.0,0.0
3145,0.0,288.59,288.59,0.0,0.0
3150,0.0,288.89,288.89,0.0,0.0
3155,0.0,290.98,290.98,0.0,0.0
3160,0.0,290.98,290.98,0.0,0.0
3165,0.0,288.79,288.79,0.0,0.0
3170,0.0,289.53,289.53,0.0,0.0
3175,0.0,293.69,293.69,0.0,0.0
3180,0.0,288.83,288.83,0.0,0.0
3185,0.0,293.82,293.82,0.0,0.0
3190,0.0,292.21,292.21,0.0,0.0
3195,0.0,293.45,293.45,0.0,0.0
3200,0.0,288.74,288.74,0.0,0.0
3205,0.0,289.66,289.66,0.0,0.0
3210,0.0,289.1,289.1,0.0,0.0
3215,0.0,292.25,292.25,0.0,0.0
3220,0.0,288.86,288.86,0.0,0.0
3225,0.0,291.46,291.46,0.0,0.0
3230,0.0,291.36,291.36,0.0,0.0
3235,0.0,289.9,289.9,0.0,0.0
3240,0.0,292.6,292.6,0.0,0.0
3245,17.69,290.22,600.0,0.0,0.0
3250,35.37,291.67,291.67,0.0,0.0
3255,53.04,289.01,600.0,0.0,50.1344
3260,70.68,288.55,391.0,50.1344,32.889
3265,88.28,291.46,600.0,32.889,83.7344
3270,105.84,290.86,290.86,83.7344,74.2869
3275,123.36,290.49,600.0,74.2869,132.5684
3280,140.81,289.31,289.31,132.5684,114.5251
3285,158.2,293.1,600.0,114.5251,175.0204
3290,175.51,287.77,287.77,175.0204,154.0055
3295,237.69,287.66,600.0,154.0055,263.5524
3300,258.82,291.88,291.88,263.5524,254.0967
3305,279.83,291.72,600.0,254.0967,316.6225
3310,300.71,290.71,290.71,316.6225,301.9541
3315,321.44,289.42,600.0,301.9541,362.4618
3320,342.02,291.0,291.0,362.4618,350.6129
3325,362.44,293.44,600.0,350.6129,416.196
3330,341.73,295.03,295.03,416.196,355.4978
3335,359.65,286.69,600.0,355.4978,402.6104
3340,377.39,289.16,289.16,402.6104,389.373
3345,442.29,289.04,600.0,389.373,502.4215
3350,364.92,293.25,293.25,502.4215,380.5271
3355,380.13,285.04,600.0,380.5271,423.8062
3360,395.15,291.03,291.03,423.8062,412.8037
3365,518.77,289.49,600.0,412.8037,592.0984
3370,537.3,293.28,293.28,592.0984,583.8985
3375,555.57,293.0,600.0,583.8985,642.9604
3380,573.58,290.73,290.73,642.9604,620.8756
3385,591.31,286.84,600.0,620.8756,670.0716
3390,408.66,288.85,288.85,670.0716,425.2255
3395,420.18,289.07,600.0,425.2255,476.8196
3400,431.5,287.35,287.35,476.8196,449.2892
3405,442.61,292.31,600.0,449.2892,508.9546
3410,453.52,287.09,287.09,508.9546,474.276
3415,464.21,293.93,600.0,474.276,537.5499
3420,474.67,293.93,293.93,537.5499,511.2469
3425,484.92,289.23,600.0,511.2469,552.0002
3430,494.93,290.66,290.66,552.0002,528.8186
3435,504.7,289.86,600.0,528.8186,576.527
3440,766.04,291.8,291.8,576.527,849.1279
3445,779.88,292.55,600.0,849.1279,905.8915
3450,793.35,290.52,290.52,905.8915,877.0346
3455,806.44,290.94,600.0,877.0346,931.7166
3460,819.15,288.76,288.76,931.7166,901.3906
3465,536.48,290.87,600.0,901.3906,615.9474
3470,544.17,290.33,290.33,615.9474,585.6422
3475,551.6,288.18,600.0,585.6422,627.3555
3480,866.03,289.97,289.97,627.3555,959.9948
3485,876.73,289.23,600.0,959.9948,1007.6844
3490,887.01,288.78,288.78,1007.6844,980.2077
3495,896.87,287.71,600.0,980.2077,1025.5029
3500,906.31,290.13,290.13,1025.5029,1007.5025
3505,915.31,288.44,600.0,1007.5025,1049.4981
3510,923.88,289.06,289.06,1049.4981,1024.0169
3515,932.01,292.15,600.0,1024.0169,1083.459
3520,758.6,291.26,291.26,1083.459,838.7333
3525,764.44,288.04,600.0,838.7333,873.3107
3530,769.92,290.7,290.7,873.3107,850.2494
3535,775.03,290.27,600.0,850.2494,892.7719
3540,779.77,293.4,293.4,892.7719,870.3325
3545,784.15,292.77,600.0,870.3325,911.5218
3550,788.15,286.93,286.93,911.5218,859.7291
3555,791.77,291.72,600.0,859.7291,917.418
3560,795.02,292.53,292.53,917.418,885.4756
3565,797.89,291.12,600.0,885.4756,922.1775
3570,800.37,289.33,289.33,922.1775,881.423
3575,994.06,294.83,600.0,881.423,1167.7876
3580,996.19,291.3,291.3,1167.7876,1117.1056
3585,818.81,293.95,600.0,1117.1056,956.6467
3590,819.78,292.7,292.7,956.6467,915.1907
3595,820.37,290.93,600.0,915.1907,947.82
3600,820.56,288.84,288.84,947.82,903.2974
3605,820.37,289.95,600.0,903.2974,944.7148
3610,819.78,289.56,289.56,944.7148,904.7352
3615,818.81,287.57,600.0,904.7352,934.7558
3620,817.44,291.3,291.3,934.7558,907.7593
3625,815.69,293.13,600.0,907.7593,950.0883
3630,813.54,289.4,289.4,950.0883,896.9774
3635,811.01,294.33,600.0,896.9774,948.8702
3640,808.1,286.88,286.88,948.8702,882.5778
3645,804.8,292.11,600.0,882.5778,934.023
3650,801.11,293.34,293.34,934.023,895.3187
3655,971.34,289.59,600.0,895.3187,1118.8849
3660,965.93,289.63,289.63,1118.8849,1075.0783
3665,960.05,292.09,600.0,1075.0783,1116.0981
3670,953.72,291.01,291.01,1116.0981,1066.2265
3675,714.92,286.01,600.0,1066.2265,810.0633
3680,709.46,288.31,288.31,810.0633,772.8647
3685,703.66,289.97,600.0,772.8647,808.8005
3690,697.52,287.26,287.26,808.8005,756.1574
3695,691.05,289.05,600.0,756.1574,791.5279
3700,684.25,287.31,287.31,791.5279,740.9804
3705,677.13,289.26,600.0,740.9804,775.9394
3710,669.68,289.33,289.33,775.9394,729.4599
3715,661.92,290.7,600.0,729.4599,762.1154
3720,653.84,289.82,289.82,762.1154,712.3034
3725,645.45,291.01,600.0,712.3034,743.6553
3730,843.39,290.77,290.77,743.6553,936.3233
3735,831.47,292.06,600.0,936.3233,964.9267
3740,819.15,291.75,291.75,964.9267,911.2498
3745,806.44,291.54,600.0,911.2498,933.6706
3750,793.35,296.21,296.21,933.6706,895.6127
3755,549.63,290.69,600.0,895.6127,630.4144
3760,539.88,295.19,295.19,630.4144,591.099
3765,529.87,290.82,600.0,591.099,607.6763
3770,519.61,289.83,289.83,607.6763,555.9839
3775,509.1,289.25,600.0,555.9839,580.429
3780,498.34,293.02,293.02,580.429,537.4364
3785,487.35,293.28,600.0,537.4364,563.1662
3790,476.13,291.2,291.2,563.1662,507.8616
3795,464.68,292.27,600.0,507.8616,534.5533
3800,453.01,287.45,287.45,534.5533,474.295
3805,441.13,286.9,600.0,474.295,497.341
3810,608.76,292.49,292.49,497.341,666.2747
3815,591.31,289.75,600.0,666.2747,677.0267
3820,573.58,291.5,291.5,677.0267,622.6181
3825,555.57,288.57,600.0,622.6181,632.7609
3830,537.3,293.31,293.31,632.7609,583.9797
3835,433.49,286.92,600.0,583.9797,488.1754
3840,417.8,287.23,287.23,488.1754,433.2929
3845,401.92,292.89,600.0,433.2929,462.107
3850,385.84,284.78,284.78,462.107,392.946
3855,369.58,290.76,600.0,392.946,420.8817
3860,353.14,289.79,289.79,420.8817,362.0109
3865,336.54,288.53,600.0,362.0109,378.851
3870,319.77,289.6,289.6,378.851,322.9295
3875,302.85,288.3,600.0,322.9295,339.5398
3880,285.79,293.08,293.08,339.5398,287.0145
3885,321.44,293.61,600.0,287.0145,367.8883
3890,300.71,288.63,288.63,367.8883,299.6827
3895,279.83,290.55,600.0,299.6827,315.4928
3900,258.82,287.35,287.35,315.4928,249.9469
3905,237.69,292.15,600.0,249.9469,267.9161
3910,216.44,292.09,292.09,267.9161,204.517
3915,195.09,289.41,600.0,204.517,215.397
3920,173.65,290.03,290.03,215.397,153.1024
3925,152.12,289.81,600.0,153.1024,165.8045
3930,130.53,286.76,286.76,165.8045,101.626
3935,73.07,293.09,600.0,101.626,74.8339
3940,58.5,288.47,480.77,74.8339,18.7627
3945,43.9,288.48,600.0,18.7627,0.0
3950,29.28,289.7,289.7,0.0,0.0
3955,14.64,291.99,574.12,0.0,0.0
3960,0.0,288.82,288.82,0.0,0.0
3965,0.0,286.1,286.1,0.0,0.0
3970,0.0,288.23,288.23,0.0,0.0
3975,0.0,290.85,290.85,0.0,0.0
3980,0.0,294.38,294.38,0.0,0.0
3985,0.0,287.48,287.48,0.0,0.0
3990,0.0,287.41,287.41,0.0,0.0
3995,0.0,286.97,286.97,0.0,0.0
4000,0.0,286.73,286.73,0.0,0.0
4005,0.0,292.41,292.41,0.0,0.0
4010,0.0,292.99,292.99,0.0,0.0
4015,0.0,290.36,290.36,0.0,0.0
4020,0.0,289.06,289.06,0.0,0.0
4025,0.0,293.58,293.58,0.0,0.0
4030,0.0,290.35,290.35,0.0,0.0
4035,0.0,292.18,292.18,0.0,0.0
4040,0.0,288.97,288.97,0.0,0.0
4045,0.0,290.09,290.09,0.0,0.0
4050,0.0,287.53,287.53,0.0,0.0
4055,0.0,291.26,291.26,0.0,0.0
4060,0.0,290.38,290.38,0.0,0.0
4065,0.0,288.21,288.21,0.0,0.0
4070,0.0,288.24,288.24,0.0,0.0
4075,0.0,293.23,293.23,0.0,0.0
4080,0.0,293.94,293.94,0.0,0.0
4085,0.0,289.57,289.57,0.0,0.0
4090,0.0,290.14,290.14,0.0,0.0
4095,0.0,290.8,290.8,0.0,0.0
4100,0.0,290.3,290.3,0.0,0.0
4105,0.0,286.65,286.65,0.0,0.0
4110,0.0,290.86,290.86,0.0,0.0
4115,0.0,285.82,285.82,0.0,0.0
4120,0.0,288.53,288.53,0.0,0.0
4125,0.0,291.01,291.01,0.0,0.0
4130,0.0,291.2,291.2,0.0,0.0
4135,0.0,288.38,288.38,0.0,0.0
4140,0.0,289.08,289.08,0.0,0.0
4145,0.0,288.81,288.81,0.0,0.0
4150,0.0,289.79,289.79,0.0,0.0
4155,0.0,289.95,289.95,0.0,0.0
4160,0.0,291.34,291.34,0.0,0.0
4165,0.0,288.97,288.97,0.0,0.0
4170,0.0,290.75,290.75,0.0,0.0
4175,0.0,291.01,291.01,0.0,0.0
4180,0.0,290.4,290.4,0.0,0.0
4185,0.0,289.48,289.48,0.0,0.0
4190,0.0,290.36,290.36,0.0,0.0
4195,0.0,291.5,291.5,0.0,0.0
4200,0.0,291.68,291.68,0.0,0.0
4205,0.0,293.63,293.63,0.0,0.0
4210,0.0,288.02,288.02,0.0,0.0
4215,0.0,289.12,289.12,0.0,0.0
4220,0.0,286.77,286.77,0.0,0.0
4225,0.0,291.86,291.86,0.0,0.0
4230,0.0,289.33,289.33,0.0,0.0
4235,0.0,290.41,290.41,0.0,0.0
4240,0.0,288.79,288.79,0.0,0.0
4245,0.0,289.35,289.35,0.0,0.0
4250,0.0,292.45,292.45,0.0,0.0
4255,0.0,291.39,291.39,0.0,0.0
4260,0.0,289.78,289.78,0.0,0.0
4265,0.0,291.54,291.54,0.0,0.0
4270,0.0,291.58,291.58,0.0,0.0
4275,0.0,289.22,289.22,0.0,0.0
4280,0.0,287.06,287.06,0.0,0.0
4285,0.0,288.2,288.2,0.0,0.0
4290,0.0,287.32,287.32,0.0,0.0
4295,0.0,292.33,292.33,0.0,0.0
4300,0.0,292.68,292.68,0.0,0.0
4305,0.0,293.17,293.17,0.0,0.0
4310,0.0,285.96,285.96,0.0,0.0
4315,0.0,292.14,292.14,0.0,0.0
4320,0.0,294.42,294.42,0.0,0.0
4325,0.0,292.22,292.22,0.0,0.0
4330,0.0,285.7,285.7,0.0,0.0
4335,0.0,293.54,293.54,0.0,0.0
4340,0.0,290.08,290.08,0.0,0.0
4345,0.0,289.54,289.54,0.0,0.0
4350,0.0,290.9,290.9,0.0,0.0
4355,0.0,287.9,287.9,0.0,0.0
4360,0.0,290.01,290.01,0.0,0.0
4365,0.0,293.24,293.24,0.0,0.0
4370,0.0,291.24,291.24,0.0,0.0
4375,0.0,290.12,290.12,0.0,0.0
4380,0.0,290.18,290.18,0.0,0.0
4385,0.0,287.64,287.64,0.0,0.0
4390,0.0,289.7,289.7,0.0,0.0
4395,0.0,286.73,286.73,0.0,0.0
4400,0.0,292.04,292.04,0.0,0.0
4405,0.0,285.63,285.63,0.0,0.0
4410,0.0,291.71,291.71,0.0,0.0
4415,0.0,291.96,291.96,0.0,0.0
4420,0.0,292.64,292.64,0.0,0.0
4425,0.0,290.17,290.17,0.0,0.0
4430,0.0,291.83,291.83,0.0,0.0
4435,0.0,289.68,289.68,0.0,0.0
4440,0.0,287.63,287.63,0.0,0.0
4445,0.0,293.06,293.06,0.0,0.0
4450,0.0,289.81,289.81,0.0,0.0
4455,0.0,287.18,287.18,0.0,0.0
4460,0.0,289.07,289.07,0.0,0.0
4465,0.0,289.15,289.15,0.0,0.0
4470,0.0,290.92,290.92,0.0,0.0
4475,0.0,294.69,294.69,0.0,0.0
4480,0.0,291.04,291.04,0.0,0.0
4485,0.0,290.41,290.41,0.0,0.0
4490,0.0,294.91,294.91,0.0,0.0
4495,0.0,291.96,291.96,0.0,0.0
4500,0.0,290.51,290.51,0.0,0.0
4505,0.0,289.04,289.04,0.0,0.0
4510,0.0,290.63,290.63,0.0,0.0
4515,0.0,289.87,289.87,0.0,0.0
4520,0.0,290.18,290.18,0.0,0.0
4525,0.0,292.63,292.63,0.0,0.0
4530,0.0,288.92,288.92,0.0,0.0
4535,0.0,291.03,291.03,0.0,0.0
4540,0.0,291.9,291.9,0.0,0.0
4545,0.0,288.68,288.68,0.0,0.0
4550,0.0,288.35,288.35,0.0,0.0
4555,0.0,289.7,289.7,0.0,0.0
4560,0.0,289.08,289.08,0.0,0.0
4565,0.0,292.3,292.3,0.0,0.0
4570,0.0,288.0,288.0,0.0,0.0
4575,0.0,290.14,290.14,0.0,0.0
4580,0.0,295.09,295.09,0.0,0.0
4585,0.0,290.83,290.83,0.0,0.0
4590,0.0,291.16,291.16,0.0,0.0
4595,0.0,292.32,292.32,0.0,0.0
4600,0.0,289.07,289.07,0.0,0.0
4605,0.0,287.84,287.84,0.0,0.0
4610,0.0,290.35,290.35,0.0,0.0
4615,0.0,290.53,290.53,0.0,0.0
4620,0.0,286.76,286.76,0.0,0.0
4625,0.0,290.75,290.75,0.0,0.0
4630,0.0,292.14,292.14,0.0,0.0
4635,0.0,288.17,288.17,0.0,0.0
4640,0.0,290.87,290.87,0.0,0.0
4645,0.0,291.78,291.78,0.0,0.0
4650,0.0,291.17,291.17,0.0,0.0
4655,0.0,291.36,291.36,0.0,0.0
4660,0.0,289.51,289.51,0.0,0.0
4665,0.0,287.74,287.74,0.0,0.0
4670,0.0,289.11,289.11,0.0,0.0
4675,0.0,288.83,288.83,0.0,0.0
4680,0.0,289.84,289.84,0.0,0.0
4685,21.81,292.19,600.0,0.0,0.0
4690,43.62,287.38,600.0,0.0,0.0
4695,65.4,290.29,428.77,0.0,26.9455
4700,87.16,287.87,600.0,26.9455,77.4445
4705,108.87,288.52,288.52,77.4445,77.1616
4710,130.53,291.12,600.0,77.1616,141.4207
4715,120.31,287.62,287.62,141.4207,90.1396
4720,137.34,291.47,600.0,90.1396,149.645
4725,154.3,287.3,287.3,149.645,129.2574
4730,171.18,291.33,600.0,129.2574,189.2323
4735,187.99,286.9,286.9,189.2323,167.9028
4740,258.82,288.76,600.0,167.9028,289.1877
4745,279.83,293.79,293.79,289.1877,280.7159
4750,300.71,293.42,600.0,280.7159,343.1092
4755,321.44,289.17,289.17,343.1092,324.3705
4760,342.02,290.78,600.0,324.3705,388.4133
4765,362.44,292.41,292.41,388.4133,376.4264
4770,382.68,291.36,600.0,376.4264,436.6534
4775,402.75,289.45,289.45,436.6534,419.2785
4780,422.62,288.5,600.0,419.2785,478.6294
4785,442.29,291.74,291.74,478.6294,469.1631
4790,461.75,292.26,600.0,469.1631,531.0577
4795,480.99,293.43,293.43,531.0577,517.769
4800,500.0,286.63,600.0,517.769,564.2366
4805,518.77,287.49,287.49,564.2366,550.3331
4810,473.97,292.32,600.0,550.3331,545.8347
4815,490.09,286.9,286.9,545.8347,516.0922
4820,505.97,292.48,600.0,516.0922,583.82
4825,521.62,289.57,289.57,583.82,557.7906
4830,537.01,288.96,600.0,557.7906,612.2403
4835,552.15,290.41,290.41,612.2403,595.1412
4840,567.03,287.31,600.0,595.1412,643.1953
4845,581.63,291.65,291.65,643.1953,632.4063
4850,595.96,293.38,600.0,632.4063,691.6315
4855,610.01,291.74,291.74,691.6315,665.9065
4860,623.77,289.51,600.0,665.9065,714.2507
4865,637.22,286.92,286.92,714.2507,685.7404
4870,650.38,287.0,600.0,685.7404,738.8169
4875,663.23,287.34,287.34,738.8169,716.7861
4880,766.04,289.98,600.0,716.7861,881.5823
4885,779.88,290.23,290.23,881.5823,860.3998
4890,793.35,291.74,600.0,860.3998,919.1035
4895,563.89,286.41,286.41,919.1035,600.0923
4900,572.77,292.62,600.0,600.0923,662.7715
4905,581.38,291.39,291.39,662.7715,631.5151
4910,589.72,289.35,600.0,631.5151,674.2706
4915,597.78,287.62,287.62,674.2706,641.877
4920,605.55,292.5,600.0,641.877,700.94
4925,613.03,289.4,289.4,700.94,663.7613
4930,620.22,289.96,600.0,663.7613,711.4528
4935,627.12,290.77,290.77,711.4528,683.5358
4940,633.71,288.17,600.0,683.5358,722.3937
4945,915.31,289.44,289.44,722.3937,1015.4549
4950,923.88,291.73,600.0,1015.4549,1072.2358
4955,932.01,291.53,291.53,1072.2358,1042.7944
4960,617.63,291.55,600.0,1042.7944,712.4056
4965,622.39,287.69,287.69,712.4056,670.4897
4970,626.85,289.53,600.0,670.4897,718.1654
4975,631.02,289.21,289.21,718.1654,684.2011
4980,634.88,290.85,600.0,684.2011,730.9131
4985,638.44,290.67,290.67,730.9131,696.5248
4990,641.69,290.31,600.0,696.5248,737.3328
4995,980.79,294.93,294.93,737.3328,1113.8265
5000,984.81,289.42,600.0,1113.8265,1133.7342
5005,988.36,289.18,289.18,1133.7342,1099.4224
5010,991.44,287.69,600.0,1099.4224,1134.7105
5015,994.06,286.92,286.92,1134.7105,1097.0511
5020,996.19,287.56,600.0,1097.0511,1139.8272
5025,782.82,288.56,288.56,1139.8272,858.6267
5030,783.76,292.62,600.0,858.6267,910.9019
5035,784.32,290.08,290.08,910.9019,865.1012
5040,784.5,290.39,600.0,865.1012,904.2633
5045,999.76,289.81,289.81,904.2633,1115.1905
5050,687.93,290.73,600.0,1115.1905,792.5568
5055,687.11,292.8,292.8,792.5568,759.3015
5060,685.97,286.01,600.0,759.3015,776.6959
5065,684.49,292.44,292.44,776.6959,755.1986
5070,682.7,284.97,600.0,755.1986,770.0859
5075,680.57,290.06,290.06,770.0859,744.0891
5080,678.13,294.38,600.0,744.0891,791.6246
5085,675.36,291.36,291.36,791.6246,741.5266
5090,672.26,290.75,600.0,741.5266,774.1865
5095,668.85,294.0,294.0,774.1865,741.0664
5100,665.12,288.59,600.0,741.0664,759.6994
5105,661.08,290.87,290.87,759.6994,723.4972
5110,656.72,291.16,600.0,723.4972,757.181
5115,946.93,288.96,288.96,757.181,1050.4016
5120,939.69,289.13,600.0,1050.4016,1080.5399
5125,659.72,288.91,288.91,1080.5399,716.7953
5130,653.97,290.17,600.0,716.7953,751.3986
5135,647.9,291.09,291.09,751.3986,708.6725
5140,641.53,290.25,600.0,708.6725,736.9382
5145,634.85,291.42,291.42,736.9382,694.2242
5150,627.87,286.06,600.0,694.2242,710.1647
5155,620.59,289.56,289.56,710.1647,672.9528
5160,613.01,287.95,600.0,672.9528,697.951
5165,854.91,290.6,290.6,697.951,949.2222
5170,843.39,290.57,600.0,949.2222,973.6274
5175,831.47,289.77,289.77,973.6274,919.0431
5180,819.15,291.02,600.0,919.0431,946.9133
5185,806.44,292.0,292.0,946.9133,897.1582
5190,793.35,289.88,600.0,897.1582,912.7776
5195,779.88,287.9,287.9,912.7776,853.1646
5200,766.04,286.84,600.0,853.1646,871.6006
5205,751.84,290.07,290.07,871.6006,827.2196
5210,737.28,290.48,600.0,827.2196,849.443
5215,722.36,288.06,288.06,849.443,787.0965
5220,707.11,291.45,600.0,787.0965,817.2311
5225,691.51,289.08,289.08,817.2311,754.1704
5230,675.59,286.69,600.0,754.1704,766.8764
5235,528.54,292.51,292.51,766.8764,571.955
5240,515.26,292.29,600.0,571.955,593.9549
5245,501.75,285.97,285.97,593.9549,527.7648
5250,487.99,288.87,600.0,527.7648,555.3871
5255,474.0,288.8,288.8,555.3871,500.9689
5260,459.78,293.28,600.0,500.9689,530.928
5265,445.35,289.8,289.8,530.928,469.4296
5270,430.7,287.01,600.0,469.4296,485.3557
5275,415.85,291.76,291.76,485.3557,438.1994
5280,500.0,287.54,600.0,438.1994,566.2051
5285,373.85,289.48,289.48,566.2051,385.6994
5290,358.89,288.46,600.0,385.6994,404.6934
5295,343.77,288.88,288.88,404.6934,349.9436
5300,328.48,291.87,600.0,349.9436,374.0997
5305,313.03,293.04,293.04,374.0997,319.0779
5310,297.44,287.45,600.0,319.0779,332.0139
5315,281.7,291.25,291.25,332.0139,280.3069
5320,265.84,288.53,600.0,280.3069,296.7922
5325,196.61,288.6,288.6,296.7922,178.9323
5330,183.93,290.98,600.0,178.9323,203.8099
5335,171.16,287.94,287.94,203.8099,149.0662
5340,158.31,290.94,600.0,149.0662,173.8594
5345,145.38,291.46,291.46,173.8594,120.7774
5350,132.39,289.13,600.0,120.7774,142.3679
5355,195.09,292.65,292.65,142.3679,179.8112
5360,173.65,287.45,600.0,179.8112,189.0791
5365,152.12,292.69,292.69,189.0791,129.2599
5370,130.53,286.11,600.0,129.2599,138.6059
5375,108.87,295.4,295.4,138.6059,79.1306
5380,87.16,289.19,600.0,79.1306,89.5655
5385,65.4,287.68,430.38,89.5655,26.6916
5390,43.62,289.53,600.0,26.6916,0.0
5395,17.26,287.91,287.91,0.0,0.0
5400,0.0,290.77,290.77,0.0,0.0
5405,0.0,292.74,292.74,0.0,0.0
5410,0.0,288.01,288.01,0.0,0.0
5415,0.0,291.16,291.16,0.0,0.0
5420,0.0,286.93,286.93,0.0,0.0
5425,0.0,292.07,292.07,0.0,0.0
5430,0.0,290.83,290.83,0.0,0.0
5435,0.0,292.15,292.15,0.0,0.0
5440,0.0,289.76,289.76,0.0,0.0
5445,0.0,289.13,289.13,0.0,0.0
5450,0.0,291.63,291.63,0.0,0.0
5455,0.0,287.38,287.38,0.0,0.0
5460,0.0,286.51,286.51,0.0,0.0
5465,0.0,289.99,289.99,0.0,0.0
5470,0.0,289.22,289.22,0.0,0.0
5475,0.0,291.11,291.11,0.0,0.0
5480,0.0,292.18,292.18,0.0,0.0
5485,0.0,291.07,291.07,0.0,0.0
5490,0.0,292.02,292.02,0.0,0.0
5495,0.0,290.64,290.64,0.0,0.0
5500,0.0,290.99,290.99,0.0,0.0
5505,0.0,289.77,289.77,0.0,0.0
5510,0.0,290.93,290.93,0.0,0.0
5515,0.0,290.33,290.33,0.0,0.0
5520,0.0,290.65,290.65,0.0,0.0
5525,0.0,289.67,289.67,0.0,0.0
5530,0.0,291.62,291.62,0.0,0.0
5535,0.0,288.58,288.58,0.0,0.0
5540,0.0,289.96,289.96,0.0,0.0
5545,0.0,292.62,292.62,0.0,0.0
5550,0.0,288.1,288.1,0.0,0.0
5555,0.0,285.68,285.68,0.0,0.0
5560,0.0,290.73,290.73,0.0,0.0
5565,0.0,289.49,289.49,0.0,0.0
5570,0.0,292.02,292.02,0.0,0.0
5575,0.0,289.74,289.74,0.0,0.0
5580,0.0,288.79,288.79,0.0,0.0
5585,0.0,289.85,289.85,0.0,0.0
5590,0.0,292.19,292.19,0.0,0.0
5595,0.0,291.15,291.15,0.0,0.0
5600,0.0,285.13,285.13,0.0,0.0
5605,0.0,290.37,290.37,0.0,0.0
5610,0.0,290.47,290.47,0.0,0.0
5615,0.0,289.96,289.96,0.0,0.0
5620,0.0,288.78,288.78,0.0,0.0
5625,0.0,292.39,292.39,0.0,0.0
5630,0.0,292.49,292.49,0.0,0.0
5635,0.0,285.59,285.59,0.0,0.0
5640,0.0,288.4,288.4,0.0,0.0
5645,0.0,289.71,289.71,0.0,0.0
5650,0.0,291.9,291.9,0.0,0.0
5655,0.0,290.07,290.07,0.0,0.0
5660,0.0,288.63,288.63,0.0,0.0
5665,0.0,291.42,291.42,0.0,0.0
5670,0.0,289.58,289.58,0.0,0.0
5675,0.0,289.77,289.77,0.0,0.0
5680,0.0,289.95,289.95,0.0,0.0
5685,0.0,291.15,291.15,0.0,0.0
5690,0.0,289.38,289.38,0.0,0.0
5695,0.0,291.37,291.37,0.0,0.0
5700,0.0,289.85,289.85,0.0,0.0
5705,0.0,287.87,287.87,0.0,0.0
5710,0.0,289.93,289.93,0.0,0.0
5715,0.0,287.97,287.97,0.0,0.0
5720,0.0,290.08,290.08,0.0,0.0
5725,0.0,291.66,291.66,0.0,0.0
5730,0.0,287.85,287.85,0.0,0.0
5735,0.0,290.73,290.73,0.0,0.0
5740,0.0,288.34,288.34,0.0,0.0
5745,0.0,290.4,290.4,0.0,0.0
5750,0.0,291.72,291.72,0.0,0.0
5755,0.0,285.74,285.74,0.0,0.0
5760,0.0,287.77,287.77,0.0,0.0
5765,0.0,289.26,289.26,0.0,0.0
5770,0.0,290.63,290.63,0.0,0.0
5775,0.0,289.67,289.67,0.0,0.0
5780,0.0,289.91,289.91,0.0,0.0
5785,0.0,294.09,294.09,0.0,0.0
5790,0.0,287.58,287.58,0.0,0.0
5795,0.0,292.27,292.27,0.0,0.0
5800,0.0,289.3,289.3,0.0,0.0
5805,0.0,291.1,291.1,0.0,0.0
5810,0.0,294.26,294.26,0.0,0.0
5815,0.0,291.38,291.38,0.0,0.0
5820,0.0,290.74,290.74,0.0,0.0
5825,0.0,293.2,293.2,0.0,0.0
5830,0.0,292.25,292.25,0.0,0.0
5835,0.0,288.4,288.4,0.0,0.0
5840,0.0,290.59,290.59,0.0,0.0
5845,0.0,286.57,286.57,0.0,0.0
5850,0.0,288.92,288.92,0.0,0.0
5855,0.0,290.63,290.63,0.0,0.0
5860,0.0,288.8,288.8,0.0,0.0
5865,0.0,290.55,290.55,0.0,0.0
5870,0.0,289.97,289.97,0.0,0.0
5875,0.0,291.07,291.07,0.0,0.0
5880,0.0,289.15,289.15,0.0,0.0
5885,0.0,288.12,288.12,0.0,0.0
5890,0.0,292.96,292.96,0.0,0.0
5895,0.0,289.01,289.01,0.0,0.0
5900,0.0,291.32,291.32,0.0,0.0
5905,0.0,292.87,292.87,0.0,0.0
5910,0.0,290.33,290.33,0.0,0.0
5915,0.0,288.29,288.29,0.0,0.0
5920,0.0,289.64,289.64,0.0,0.0
5925,0.0,292.04,292.04,0.0,0.0
5930,0.0,290.41,290.41,0.0,0.0
5935,0.0,287.59,287.59,0.0,0.0
5940,0.0,291.19,291.19,0.0,0.0
5945,0.0,291.54,291.54,0.0,0.0
5950,0.0,289.29,289.29,0.0,0.0
5955,0.0,291.22,291.22,0.0,0.0
5960,0.0,290.49,290.49,0.0,0.0
5965,0.0,289.61,289.61,0.0,0.0
5970,0.0,287.41,287.41,0.0,0.0
5975,0.0,292.16,292.16,0.0,0.0
5980,0.0,291.52,291.52,0.0,0.0
5985,0.0,291.17,291.17,0.0,0.0
5990,0.0,293.09,293.09,0.0,0.0
5995,0.0,291.89,291.89,0.0,0.0
6000,0.0,291.37,291.37,0.0,0.0
6005,0.0,285.57,285.57,0.0,0.0
6010,0.0,292.39,292.39,0.0,0.0
6015,0.0,290.17,290.17,0.0,0.0
6020,0.0,290.62,290.62,0.0,0.0
6025,0.0,290.64,290.64,0.0,0.0
6030,0.0,291.55,291.55,0.0,0.0
6035,0.0,292.24,292.24,0.0,0.0
6040,0.0,291.27,291.27,0.0,0.0
6045,0.0,290.95,290.95,0.0,0.0
6050,0.0,290.46,290.46,0.0,0.0
6055,0.0,283.3,283.3,0.0,0.0
6060,0.0,289.42,289.42,0.0,0.0
6065,0.0,288.12,288.12,0.0,0.0
6070,0.0,292.42,292.42,0.0,0.0
6075,0.0,291.24,291.24,0.0,0.0
6080,0.0,289.08,289.08,0.0,0.0
6085,0.0,289.28,289.28,0.0,0.0
6090,0.0,289.21,289.21,0.0,0.0
6095,0.0,289.18,289.18,0.0,0.0
6100,0.0,287.11,287.11,0.0,0.0
6105,0.0,286.68,286.68,0.0,0.0
6110,0.0,290.06,290.06,0.0,0.0
6115,0.0,292.15,292.15,0.0,0.0
6120,0.0,288.92,288.92,0.0,0.0
6125,21.81,290.61,600.0,0.0,0.0
6130,43.62,291.47,600.0,0.0,0.0
6135,65.4,288.01,430.18,0.0,26.7241
6140,87.16,289.96,600.0,26.7241,77.8752
6145,108.87,288.67,288.67,77.8752,77.2027
6150,130.53,293.21,600.0,77.2027,142.5007
6155,152.12,293.12,293.12,142.5007,129.4663
6160,113.79,288.02,600.0,129.4663,120.1638
6165,127.84,290.77,290.77,120.1638,99.975
6170,141.83,292.14,600.0,99.975,155.0779
6175,155.76,291.7,291.7,155.0779,133.0495
6180,169.6,290.16,600.0,133.0495,186.2911
6185,183.37,292.61,292.61,186.2911,165.9946
6190,197.05,288.19,600.0,165.9946,216.686
6195,259.26,289.39,289.39,216.686,252.3099
6200,275.86,288.24,600.0,252.3099,308.2117
6205,292.32,291.56,291.56,308.2117,293.0761
6210,308.65,288.83,600.0,293.0761,346.7906
6215,324.84,289.66,289.66,346.7906,328.8921
6220,340.86,291.24,600.0,328.8921,387.6719
6225,356.73,291.4,291.4,387.6719,368.3451
6230,372.42,288.19,600.0,368.3451,419.8297
6235,387.94,292.11,292.11,419.8297,405.9758
6240,403.27,290.91,600.0,405.9758,460.0351
6245,418.42,287.84,287.84,460.0351,434.9548
6250,347.6,287.34,600.0,434.9548,390.1327
6255,359.42,289.97,289.97,390.1327,369.5648
6260,371.06,291.7,600.0,369.5648,423.7313
6265,382.54,291.75,291.75,423.7313,399.098
6270,393.83,290.71,600.0,399.098,448.6847
6275,404.93,290.1,290.1,448.6847,422.8061
6280,415.84,291.02,600.0,422.8061,475.0589
6285,426.55,288.29,288.29,475.0589,445.0894
6290,437.06,293.37,600.0,445.0894,504.3338
6295,447.36,293.35,293.35,504.3338,477.9319
6300,457.45,290.86,600.0,477.9319,523.2022
6305,467.32,290.39,290.39,523.2022,496.0881
6310,737.28,289.18,600.0,496.0881,845.3976
6315,751.84,291.06,291.06,845.3976,830.1948
6320,766.04,288.62,600.0,830.1948,877.003
6325,779.88,285.55,285.55,877.003,846.0088
6330,793.35,284.57,600.0,846.0088,895.9249
6335,806.44,288.4,288.4,895.9249,885.4989
6340,819.15,290.31,600.0,885.4989,944.5649
6345,831.47,290.66,290.66,944.5649,922.042
6350,843.39,289.03,600.0,922.042,968.1643
6355,854.91,290.28,290.28,968.1643,948.1173
6360,866.03,289.45,600.0,948.1173,996.0121
6365,876.73,288.0,288.0,996.0121,965.5486
6370,887.01,289.89,600.0,965.5486,1022.2114
6375,550.5,291.63,291.63,1022.2114,595.8524
6380,556.29,288.09,600.0,595.8524,632.5062
6385,561.82,288.09,288.09,632.5062,601.3505
6390,567.08,287.86,600.0,601.3505,644.6897
6395,572.07,286.13,286.13,644.6897,608.8905
6400,576.78,289.04,600.0,608.8905,658.8456
6405,581.23,291.43,291.43,658.8456,631.4209
6410,585.39,290.35,600.0,631.4209,671.6755
6415,589.28,289.66,289.66,671.6755,636.7441
6420,592.89,290.26,600.0,636.7441,680.3177
6425,596.21,289.02,289.02,680.3177,643.3188
6430,599.25,286.1,600.0,643.3188,677.5426
6435,602.01,291.57,291.57,677.5426,656.1022
6440,604.48,292.14,600.0,656.1022,698.5009
6445,645.0,288.54,288.54,698.5009,698.7778
6450,647.02,289.7,600.0,698.7778,742.0318
6455,648.72,289.53,289.53,742.0318,705.5938
6460,650.12,290.7,600.0,705.5938,748.3048
6465,651.2,293.38,293.38,748.3048,718.5333
6470,651.98,292.32,600.0,718.5333,754.6692
6475,747.31,289.25,289.25,754.6692,819.4726
6480,747.48,291.08,600.0,819.4726,863.3074
6485,747.31,292.51,292.51,863.3074,829.2841
6490,746.77,290.82,600.0,829.2841,861.4109
6495,745.88,289.99,289.99,861.4109,820.0328
6500,744.64,290.89,600.0,820.0328,859.3236
6505,743.04,288.59,288.59,859.3236,812.5917
6510,741.09,288.89,600.0,812.5917,849.0504
6515,738.79,287.87,287.87,849.0504,805.5526
6520,736.13,290.61,600.0,805.5526,848.6523
6525,733.12,289.74,289.74,848.6523,804.4169
6530,729.77,288.35,600.0,804.4169,834.2228
6535,971.34,289.67,289.67,834.2228,1081.5546
6540,695.03,290.94,600.0,1081.5546,801.4771
6545,690.81,293.83,293.83,801.4771,766.5369
6550,686.25,292.02,600.0,766.5369,794.0621
6555,681.36,285.43,285.43,794.0621,732.688
6560,676.16,290.48,600.0,732.688,778.3727
6565,670.63,292.86,292.86,778.3727,740.0371
6570,664.78,287.32,600.0,740.0371,755.9043
6575,915.31,291.1,291.1,755.9043,1021.637
6580,906.31,289.53,600.0,1021.637,1043.0999
6585,706.52,292.3,292.3,1043.0999,780.7089
6590,698.75,290.81,600.0,780.7089,805.2599
6595,690.65,288.23,288.23,805.2599,750.8526
6600,682.22,289.6,600.0,750.8526,782.7538
6605,673.46,289.72,289.72,782.7538,734.8927
6610,664.39,289.75,600.0,734.8927,762.333
6615,655.0,292.24,292.24,762.333,719.9865
6620,645.29,288.31,600.0,719.9865,736.0791
6625,635.28,292.01,292.01,736.0791,696.2272
6630,624.97,289.4,600.0,696.2272,715.3453
6635,614.36,290.45,290.45,715.3453,667.8468
6640,603.46,290.14,600.0,667.8468,692.3127
6645,751.84,289.96,289.96,692.3127,826.8712
6650,737.28,289.97,600.0,826.8712,847.8727
6655,722.36,292.91,292.91,847.8727,801.1376
6660,624.49,291.68,600.0,801.1376,720.7164
6665,610.72,289.27,289.27,720.7164,660.7774
6670,596.66,293.17,600.0,660.7774,692.0696
6675,582.31,290.55,290.55,692.0696,630.6678
6680,567.69,290.72,600.0,630.6678,651.9466
6685,552.8,288.33,288.33,651.9466,591.402
6690,537.64,289.01,600.0,591.402,613.1552
6695,522.23,288.62,288.62,613.1552,556.5854
6700,506.56,290.17,600.0,556.5854,579.4977
6705,490.66,291.28,291.28,579.4977,525.0218
6710,537.3,290.73,600.0,525.0218,616.4274
6715,518.77,293.18,293.18,616.4274,561.8375
6720,500.0,288.22,600.0,561.8375,567.5135
6725,480.99,290.23,290.23,567.5135,511.7359
6730,461.75,287.43,600.0,511.7359,521.9223
6735,442.29,288.16,288.16,521.9223,463.0962
6740,357.62,292.53,600.0,463.0962,409.3223
6745,340.8,289.07,289.07,409.3223,346.7427
6750,323.82,288.39,600.0,346.7427,363.9827
6755,306.69,285.74,285.74,363.9827,303.454
6760,289.41,288.37,600.0,303.454,324.3066
6765,321.44,289.59,289.59,324.3066,324.8587
6770,300.71,287.29,600.0,324.8587,335.8144
6775,279.83,289.47,289.47,335.8144,276.316
6780,258.82,292.54,600.0,276.316,293.0234
6785,237.69,288.59,288.59,293.0234,226.5582
6790,216.44,288.11,600.0,226.5582,239.337
6795,195.09,287.75,287.75,239.337,176.632
6800,139.77,287.72,600.0,176.632,150.422
6805,122.44,291.07,291.07,150.422,93.7677
6810,105.06,290.1,600.0,93.7677,111.0328
6815,87.63,291.91,291.91,111.0328,53.1909
6820,62.37,294.04,600.0,53.1909,62.0903
6825,46.8,286.34,600.0,62.0903,0.0
6830,31.21,290.76,290.76,0.0,0.0
6835,15.61,287.76,600.0,0.0,0.0
6840,0.0,291.58,291.58,0.0,0.0
6845,0.0,289.46,289.46,0.0,0.0
6850,0.0,290.05,290.05,0.0,0.0
6855,0.0,287.43,287.43,0.0,0.0
6860,0.0,289.15,289.15,0.0,0.0
6865,0.0,290.18,290.18,0.0,0.0
6870,0.0,292.71,292.71,0.0,0.0
6875,0.0,288.41,288.41,0.0,0.0
6880,0.0,288.9,288.9,0.0,0.0
6885,0.0,291.89,291.89,0.0,0.0
6890,0.0,288.28,288.28,0.0,0.0
6895,0.0,292.28,292.28,0.0,0.0
6900,0.0,289.98,289.98,0.0,0.0
6905,0.0,290.61,290.61,0.0,0.0
6910,0.0,290.74,290.74,0.0,0.0
6915,0.0,288.77,288.77,0.0,0.0
6920,0.0,290.78,290.78,0.0,0.0
6925,0.0,288.46,288.46,0.0,0.0
6930,0.0,289.0,289.0,0.0,0.0
6935,0.0,291.12,291.12,0.0,0.0
6940,0.0,290.59,290.59,0.0,0.0
6945,0.0,289.85,289.85,0.0,0.0
6950,0.0,287.48,287.48,0.0,0.0
6955,0.0,287.98,287.98,0.0,0.0
6960,0.0,290.55,290.55,0.0,0.0
6965,0.0,291.46,291.46,0.0,0.0
6970,0.0,287.78,287.78,0.0,0.0
6975,0.0,288.32,288.32,0.0,0.0
6980,0.0,290.27,290.27,0.0,0.0
6985,0.0,290.23,290.23,0.0,0.0
6990,0.0,286.75,286.75,0.0,0.0
6995,0.0,290.32,290.32,0.0,0.0
7000,0.0,288.8,288.8,0.0,0.0
7005,0.0,293.28,293.28,0.0,0.0
7010,0.0,290.5,290.5,0.0,0.0
7015,0.0,290.84,290.84,0.0,0.0
7020,0.0,290.89,290.89,0.0,0.0
7025,0.0,287.57,287.57,0.0,0.0
7030,0.0,293.89,293.89,0.0,0.0
7035,0.0,286.75,286.75,0.0,0.0
7040,0.0,291.59,291.59,0.0,0.0
7045,0.0,291.24,291.24,0.0,0.0
7050,0.0,289.05,289.05,0.0,0.0
7055,0.0,291.33,291.33,0.0,0.0
7060,0.0,289.36,289.36,0.0,0.0
7065,0.0,288.65,288.65,0.0,0.0
7070,0.0,290.94,290.94,0.0,0.0
7075,0.0,287.99,287.99,0.0,0.0
7080,0.0,289.55,289.55,0.0,0.0
7085,0.0,288.81,288.81,0.0,0.0
7090,0.0,289.33,289.33,0.0,0.0
7095,0.0,290.87,290.87,0.0,0.0
7100,0.0,288.81,288.81,0.0,0.0
7105,0.0,289.62,289.62,0.0,0.0
7110,0.0,288.99,288.99,0.0,0.0
7115,0.0,292.89,292.89,0.0,0.0
7120,0.0,290.69,290.69,0.0,0.0
7125,0.0,290.44,290.44,0.0,0.0
7130,0.0,291.37,291.37,0.0,0.0
7135,0.0,288.81,288.81,0.0,0.0
7140,0.0,291.72,291.72,0.0,0.0
7145,0.0,290.69,290.69,0.0,0.0
7150,0.0,286.88,286.88,0.0,0.0
7155,0.0,287.14,287.14,0.0,0.0
7160,0.0,288.86,288.86,0.0,0.0
7165,0.0,287.36,287.36,0.0,0.0
7170,0.0,289.52,289.52,0.0,0.0
7175,0.0,287.97,287.97,0.0,0.0
7180,0.0,289.8,289.8,0.0,0.0
7185,0.0,292.82,292.82,0.0,0.0
7190,0.0,289.9,289.9,0.0,0.0
7195,0.0,289.39,289.39,0.0,0.0
7200,0.0,290.78,290.78,0.0,0.0
7205,0.0,288.61,288.61,0.0,0.0
7210,0.0,291.69,291.69,0.0,0.0
7215,0.0,290.99,290.99,0.0,0.0
7220,0.0,290.08,290.08,0.0,0.0
7225,0.0,290.31,290.31,0.0,0.0
7230,0.0,294.08,294.08,0.0,0.0
7235,0.0,291.88,291.88,0.0,0.0
7240,0.0,294.4,294.4,0.0,0.0
7245,0.0,291.06,291.06,0.0,0.0
7250,0.0,287.06,287.06,0.0,0.0
7255,0.0,289.48,289.48,0.0,0.0
7260,0.0,286.6,286.6,0.0,0.0
7265,0.0,291.06,291.06,0.0,0.0
7270,0.0,291.49,291.49,0.0,0.0
7275,0.0,288.23,288.23,0.0,0.0
7280,0.0,288.69,288.69,0.0,0.0
7285,0.0,290.3,290.3,0.0,0.0
7290,0.0,287.6,287.6,0.0,0.0
7295,0.0,287.45,287.45,0.0,0.0
7300,0.0,292.48,292.48,0.0,0.0
7305,0.0,290.23,290.23,0.0,0.0
7310,0.0,288.88,288.88,0.0,0.0
7315,0.0,286.62,286.62,0.0,0.0
7320,0.0,291.7,291.7,0.0,0.0
7325,0.0,288.63,288.63,0.0,0.0
7330,0.0,293.72,293.72,0.0,0.0
7335,0.0,291.72,291.72,0.0,0.0
7340,0.0,288.38,288.38,0.0,0.0
7345,0.0,288.57,288.57,0.0,0.0
7350,0.0,293.44,293.44,0.0,0.0
7355,0.0,289.83,289.83,0.0,0.0
7360,0.0,288.97,288.97,0.0,0.0
7365,0.0,290.06,290.06,0.0,0.0
7370,0.0,288.96,288.96,0.0,0.0
7375,0.0,290.48,290.48,0.0,0.0
7380,0.0,289.85,289.85,0.0,0.0
7385,0.0,291.75,291.75,0.0,0.0
7390,0.0,289.22,289.22,0.0,0.0
7395,0.0,288.23,288.23,0.0,0.0
7400,0.0,289.3,289.3,0.0,0.0
7405,0.0,289.29,289.29,0.0,0.0
7410,0.0,289.84,289.84,0.0,0.0
7415,0.0,291.27,291.27,0.0,0.0
7420,0.0,291.16,291.16,0.0,0.0
7425,0.0,292.4,292.4,0.0,0.0
7430,0.0,288.38,288.38,0.0,0.0
7435,0.0,290.78,290.78,0.0,0.0
7440,0.0,291.45,291.45,0.0,0.0
7445,0.0,288.65,288.65,0.0,0.0
7450,0.0,289.58,289.58,0.0,0.0
7455,0.0,286.5,286.5,0.0,0.0
7460,0.0,291.81,291.81,0.0,0.0
7465,0.0,289.57,289.57,0.0,0.0
7470,0.0,291.61,291.61,0.0,0.0
7475,0.0,290.41,290.41,0.0,0.0
7480,0.0,289.63,289.63,0.0,0.0
7485,0.0,286.81,286.81,0.0,0.0
7490,0.0,287.17,287.17,0.0,0.0
7495,0.0,284.81,284.81,0.0,0.0
